Abrahams,Abrahams
J.Abrahams,Abrahams
J.Abrahams,Abrahams
J.Abrahams,Abrahams
J.Abrahams,Abrahams
J.Abrahams,Abrahams
J.Abrahams,Abrahams
J.Abrahams,Abrahams
J.Abrahams,Abrahams
Abrahams,JimAbrahams
J.Abrahams,JimAbrahams
J.Abrahams,JimAbrahams
J.Abrahams,JimAbrahams
J.Abrahams,JimAbrahams
J.Abrahams,JimAbrahams
J.Abrahams,JimAbrahams
J.Abrahams,JimAbrahams
J.Abrahams,JimAbrahams
Abramson,NelAbramson
Adamson,AlAdamson
Adamson,AlAdamson
Algrant,DanAlgrant
M.Allegret,MarcAllegret
M.Allegret,MarcAllegret
M.Allegret,MarcAllegret
Y.Allegret,YvesAllegret
Y.Allegret,YvesAllegret
B.Anderson,BradAnderson
K.Anderson,KurtAnderson
Stevenson,SteveAnderson
Stevenson,SteveAnderson
Stevenson,SteveAnderson
Stevenson,SteveAnderson
Stevenson,SteveAnderson
Stevenson,SteveAnderson
Stevenson,SteveAnderson
Stevenson,SteveAnderson
Stevenson,SteveAnderson
Stevenson,SteveAnderson
Stevenson,SteveAnderson
Stevenson,SteveAnderson
Stevenson,SteveAnderson
Stevenson,SteveAnderson
Stevenson,SteveAnderson
Stevenson,SteveAnderson
Stevenson,SteveAnderson
Stevenson,SteveAnderson
Stevenson,SteveAnderson
Stevenson,SteveAnderson
Stevenson,SteveAnderson
Stevenson,SteveAnderson
Stevenson,SteveAnderson
W.Anderson,WesAnderson
Angelopoulos,TheoAngelopoulos
Angelopoulos,TheoAngelopoulos
Angelopoulos,TheoAngelopoulos
Angelopoulos,TheoAngelopoulos
Angelopoulos,TheoAngelopoulos
Annakin,KenAnnakin
Annakin,KenAnnakin
Annakin,KenAnnakin
Annakin,KenAnnakin
Annakin,KenAnnakin
Annakin,KenAnnakin
Annakin,KenAnnakin
Antonijevic,PeterAntonijevic
Averback,HyAverback
Averback,HyAverback
Averback,HyAverback
Axelman,Axelman
G.Axelrod,GxxAxelrod
G.Axelrod,GxxAxelrod
Axelrod,GxxAxelrod
Baier,JoBaier
Balsmeyer,JeffBalsmeyer
Batabas,gnBartabas
Bob~Balaban,BobBalaban
Bob~Balaban,BobBalaban
Burt~Balaban,BurtBalaban
Bogdanovich,PeterBogdanovich
Bogdanovich,PeterBogdanovich
Bogdanovich,PeterBogdanovich
Bogdanovich,PeterBogdanovich
Bogdanovich,PeterBogdanovich
Bogdanovich,PeterBogdanovich
Bogdanovich,PeterBogdanovich
Bogdanovich,PeterBogdanovich
Bogdanovich,PeterBogdanovich
Bogdanovich,PeterBogdanovich
Bogdanovich,PeterBogdanovich
J.Boulting,JohnBoulting
J.Boulting,JohnBoulting
J.Boulting,JohnBoulting
J.Boulting,JohnBoulting
J.Boulting,JohnBoulting
J.Boulting,JohnBoulting
J.Boulting,JohnBoulting
J.Boulting,JohnBoulting
J.Boulting,JohnBoulting
J.Boulting,JohnBoulting
R.Boulting,RoyBoulting
R.Boulting,RoyBoulting
R.Boulting,RoyBoulting
R.Boulting,RoyBoulting
Robertson,RobertBresson
Robertson,RobertBresson
Robertson,RobertBresson
P.Brickman,PaulBrickman
P.Brickman,PaulBrickman
B.Brooks,BobBrooks
Joe~Brooks,JosephBrooks
Broomfield,NickBroomfield
Broomfield,NickBroomfield
Jameson,JamesBrown
K.Browning,KirkBrowning
T.Browning,TodBrowning
T.Browning,TodBrowning
T.Browning,TodBrowning
T.Browning,TodBrowning
T.Browning,TodBrowning
T.Browning,TodBrowning
T.Browning,TodBrowning
T.Browning,TodBrowning
T.Browning,TodBrowning
T.Browning,TodBrowning
Buckhantz,AlanBuckhantz
Burns,EdBurns
Burns,EdBurns
Burns,EdBurns
Burns,EdBurns
Burns,EdBurns
Burstall,TimBurstall
T.Burton,TimBurton
T.Burton,TimBurton
T.Burton,TimBurton
T.Burton,TimBurton
T.Burton,TimBurton
T.Burton,TimBurton
T.Burton,TimBurton
K.Cameron,KenCameron
Carpenter,JohnCarpenter
Carpenter,JohnCarpenter
Carpenter,JohnCarpenter
Carpenter,JohnCarpenter
Carpenter,JohnCarpenter
Carpenter,JohnCarpenter
Carpenter,JohnCarpenter
Carpenter,JohnCarpenter
Carpenter,JohnCarpenter
Carpenter,JohnCarpenter
H.Carver,H.P.Carver
JCassavetes,JohnCassavetes
JCassavetes,JohnCassavetes
JCassavetes,JohnCassavetes
JCassavetes,JohnCassavetes
JCassavetes,JohnCassavetes
JCassavetes,JohnCassavetes
JCassavetes,JohnCassavetes
JCassavetes,JohnCassavetes
JCassavetes,JohnCassavetes
JCassavetes,JohnCassavetes
NCassavetes,NickCassavetes
Castellvi,gnCastellvi
Chaffey,DonChaffey
Chappelle,JoeChappelle
Cholodenko,LisaCholodenko
ChristianJaque,ChristianMaudet
ChristianJaque,ChristianMaudet
ChristianJaque,ChristianMaudet
ChristianJaque,ChristianMaudet
ChristianJaque,ChristianMaudet
ChristianJaque,ChristianMaudet
ChristianJaque,ChristianMaudet
ChristianJaque,ChristianMaudet
ChristianJaque,ChristianMaudet
ChristianJaque,ChristianMaudet
ChristianJaque,ChristianMaudet
ChristianJaque,ChristianMaudet
ChristianJaque,ChristianMaudet
ChristianJaque,ChristianMaudet
ChristianJaque,ChristianMaudet
ChristianJaque,ChristianMaudet
Chytilova,VeraChytilova
Chytilova,VeraChytilova
B.Clark,B.D.Clark
B.Clark,B.D.Clark
B.Clark,B.D.Clark
B.D.Clark,B.D.Clark
Coscarelli,DonCoscarelli
Coscarelli,DonCoscarelli
Coscarelli,DonCoscarelli
Cottard,Cottard
W.Craven,WesCraven
W.Craven,WesCraven
W.Craven,WesCraven
W.Craven,WesCraven
W.Craven,WesCraven
W.Craven,WesCraven
W.Craven,WesCraven
W.Craven,WesCraven
D.Curtis,DanCurtis
D.Curtis,DanCurtis
D.Curtis,DanCurtis
D.Curtis,DanCurtis
D.Curtis,DanCurtis
Danielson,TageDanielson
Dardenne,LucDardenne
Dardenne,LucDardenne
deAntonio,EmildeAntonio
deAntonio,EmildeAntonio
deAntonio,EmildeAntonio
deHeredia,gndeHeredia
DeLuise,DomDeLuise
Demicheli,gnDemicheli
Densham,PenDensham
DeSimone,TomDeSimone
DeSimone,TomDeSimone
diCillo,TomdiCillo
diCillo,TomdiCillo
diCillo,TomdiCillo
diCillo,TomdiCillo
diCillo,TomdiCillo
diCillo,TomdiCillo
Dimopoulos,DinoDimopoulos
Donatien,gnDonatien
Dreville,gnDreville
Endfield,CyEndfield
Endfield,CyEndfield
Endfield,CyEndfield
Endfield,CyEndfield
Engel,Engel
Enright,RayEnright
Enright,RayEnright
Enright,RayEnright
Enright,RayEnright
Enright,RayEnright
Enright,RayEnright
Enright,RayEnright
Enright,RayEnright
Enright,RayEnright
Falconi,gnFalconi
Finkleman,KenFinkleman
Fitzgerald,ThomFitzgerald
P.Flaherty,PaulFlaherty
D.Fleischer,DaveFleischer
D.Fleischer,DaveFleischer
Fleischer,DaveFleischer
Fleischer,MaxFleischer
W.Fox,W.Fox
Frankenheimer,JohnFrankenheimer
Frankenheimer,JohnFrankenheimer
Frankenheimer,JohnFrankenheimer
Frankenheimer,JohnFrankenheimer
Frankenheimer,JohnFrankenheimer
Frankenheimer,JohnFrankenheimer
Frankenheimer,JohnFrankenheimer
Frankenheimer,JohnFrankenheimer
Frankenheimer,JohnFrankenheimer
Frankenheimer,JohnFrankenheimer
Frankenheimer,JohnFrankenheimer
Frankenheimer,JohnFrankenheimer
Frankenheimer,JohnFrankenheimer
Frankenheimer,JohnFrankenheimer
Frankenheimer,JohnFrankenheimer
Frankenheimer,JohnFrankenheimer
Frankenheimer,JohnFrankenheimer
C.Franklin,CarlFranklin
Fregonese,HugoFregonese
Fregonese,HugoFregonese
Fregonese,HugoFregonese
Friend,fnFriend
Frohlich,gnFrohlich
William Fruet,WilliamFruet
Furtlinger,fn1Furtlinger
Rita~Gam,RitaGam
Rita~Gam,RitaGam
Garnett,TayGarnett
Garnett,TayGarnett
Garnett,TayGarnett
Garnett,TayGarnett
Garnett,TayGarnett
Garnett,TayGarnett
Garnett,TayGarnett
Garnett,TayGarnett
Garnett,TayGarnett
Gastyne,gnGastyne
David~Green,DavidGeffen
J.Gibbons,JoeGibbons
J.Gibbons,JoeGibbons
M.Gibson,MelGibson
Gillespie,JimGillespie
Christian,ChristianGion
Glickenhaus,JamesGlickenhaus
Glickenhaus,JamesGlickenhaus
Goddard,JimGoddard
Goddard,JimGoddard
Goddard,JimGoddard
Goodchild,gnGoodchild
Gopalakrishnan,AdoorGopalakrishnan
GranierDeferre,PierreGranierDeferre
GranierDeferre,PierreGranierDeferre
David~Green,DavidGreen
Guy~Green,GuyGreen
Guy~Green,GuyGreen
Guy~Green,GuyGreen
Guy~Green,GuyGreen
Guy~Green,GuyGreen
Guy~Green,GuyGreen
David~Green,DavidGreene
D.Greene,Greene
D.Greene,Greene
D.Greene,Greene
Greene,Greene
Greenspan,BudGreenspan
Gremillon,JeanGremillon
Gremillon,JeanGremillon
Gremillon,JeanGremillon
Gremillon,JeanGremillon
Gremillon,JeanGremillon
Grosbard,UluGrosbard
Grosbard,UluGrosbard
Grosbard,UluGrosbard
Grosbard,UluGrosbard
Ohn Guare,OhnGuare
Guillermin,JohnGuillermin
Guillermin,JohnGuillermin
Guillermin,JohnGuillermin
Guillermin,JohnGuillermin
Guillermin,JohnGuillermin
Guillermin,JohnGuillermin
Guillermin,JohnGuillermin
Guillermin,JohnGuillermin
Guillermin,JohnGuillermin
G.Hamilton,GuyHamilton
G.Hamilton,GuyHamilton
G.Hamilton,GuyHamilton
G.Hamilton,GuyHamilton
G.Hamilton,GuyHamilton
G.Hamilton,GuyHamilton
Hartley,HalHartley
Hartley,HalHartley
Hartley,HalHartley
Heckerling,AmyHeckerling
Heckerling,AmyHeckerling
Hennenlotter,FrankHennenlotter
Hennenlotter,FrankHennenlotter
Hennenlotter,FrankHennenlotter
Herz,Herz
Jean,JeanJ
Jack~Hill,JackHill
Jack~Hill,JackHill
T.Holland,TedHolland
T.Holland,TedHolland
Hoskins,BobHoskins
Hou Hsiaahsien,HouHsiaa-hsien
Alb.Hughes,AlbertHughes
K.Hughes,KenHughes
K.Hughes,KenHughes
K.Hughes,KenHughes
K.Hughes,KenHughes
K.Hughes,KenHughes
T.Hunter,TimHunter
T.Hunter,TimHunter
T.Hunter,TimHunter
T.Hunter,TimHunter
xHussein,gnHussein
Johnston,JohnHuston
Johnston,JohnHuston
Johnston,JohnHuston
Iosseliani,OtarIosseliani
D.Ireland,DanIreland
Juzo Itami,JuzoItami
Peter.Jackson,PeterJackson
Jarmusch,JimJarmusch
Jarmusch,JimJarmusch
Jarmusch,JimJarmusch
Jarmusch,JimJarmusch
Jeffrey,TomJeffrey
Johnston,JoeJohnston
Johnston,JoeJohnston
Johnston,JoeJohnston
J.Kasdan,JoeKasdan
Kaurismaki,AkiKaurismaki
Kaurismaki,AkiKaurismaki
Kaurismaki,AkiKaurismaki
Kaurismaki,AkiKaurismaki
Kawalarowicz,JerzyKawalarowicz
Kinoshita,RyoKinoshita
Kinoshita,RyoKinoshita
Kjellin,AlfKjellin
Kjellin,AlfKjellin
Kjellin,AlfKjellin
Kjellin,AlfKjellin
Kjellin,AlfKjellin
Kjellin,AlfKjellin
Kjellin,AlfKjellin
Kjellin,AlfKjellin
Kjellin,AlfKjellin
Kjellin,AlfKjellin
Kotcheff,TedKotcheff
Kotcheff,TedKotcheff
Kranenborg,ArnoKranenborg
Krishnamma,SuriKrishnamma
Kuleshov,LevKuleshov
Kusturica,EmirKusturica
Landers,LewLanders
Landers,LewLanders
Lederman,fnLederman
Lefranc,GuyLefranc
F.Levinson,FredLevinson
Y.Robert,Robert
Y.Robert,Robert
Y.Robert,Robert
Robert,Robert
Loginotto,KimLoginotto
Luhrmann,BazLuhrmann
McAnuff,DesMcAnuff
Mackenzie,JohnMackenzie
Maisch,gnMaisch
Ron.Mann,RonMann
Ron.Mann,RonMann
Geo.Marshall,GeorgeMarshall
Geo.Marshall,GeorgeMarshall
Geo.Marshall,GeorgeMarshall
Geo.Marshall,GeorgeMarshall
Geo.Marshall,GeorgeMarshall
Geo.Marshall,GeorgeMarshall
Geo.Marshall,GeorgeMarshall
Geo.Marshall,GeorgeMarshall
Geo.Marshall,GeorgeMarshall
Geo.Marshall,GeorgeMarshall
Geo.Marshall,GeorgeMarshall
Geo.Marshall,GeorgeMarshall
Geo.Marshall,GeorgeMarshall
Geo.Marshall,GeorgeMarshall
Geo.Marshall,GeorgeMarshall
Geo.Marshall,GeorgeMarshall
Gey.Marshall,GerryMarshall
Gey.Marshall,GerryMarshall
Gey.Marshall,GerryMarshall
Gey.Marshall,GerryMarshall
Gey.Marshall,GerryMarshall
Gey.Marshall,GerryMarshall
Mayfield,LesMayfield
McCarey,LeoMcCarey
McCarey,LeoMcCarey
McCarey,LeoMcCarey
McCarey,LeoMcCarey
McCarey,LeoMcCarey
McCarey,LeoMcCarey
McCarey,LeoMcCarey
McGuire,DonMcGuire
McGuire,DonMcGuire
McNaughton,JohnMcNaughton
McNaughton,JohnMcNaughton
McTiernan,JohnMcTiernan
McTiernan,JohnMcTiernan
McTiernan,JohnMcTiernan
Medford,DonMedford
Medford,DonMedford
Medford,DonMedford
Medford,DonMedford
Metcalfe,TimMetcalfe
Russ~Meyer,RussMeyer
Russ~Meyer,RussMeyer
Milland,RayMilland
D.Miller,DonMiller
D.Miller,DonMiller
D.Miller,DonMiller
D.Miller,DonMiller
D.Miller,DonMiller
D.Miller,DonMiller
Geo.Miller,GeorgeMiller
Geo.Miller,GeorgeMiller
Geo.Miller,GeorgeMiller
Geo.Miller,GeorgeMiller
Geo.Miller,GeorgeMiller
Geo.Miller,GeorgeMiller
Morrissey,PaulMorrissey
Morrissey,PaulMorrissey
Morrissey,PaulMorrissey
Morrissey,PaulMorrissey
Morrissey,PaulMorrissey
Morrissey,PaulMorrissey
Morrissey,PaulMorrissey
Morrissey,PaulMorrissey
Morrissey,PaulMorrissey
Morrissey,PaulMorrissey
Morrissey,PaulMorrissey
Napier,gnNapier
Napoleon,ArtNapoleon
H.Needham,HalNeedham
H.Needham,HalNeedham
H.Needham,HalNeedham
H.Needham,HalNeedham
Negulesco,JeanNegulesco
Negulesco,JeanNegulesco
Negulesco,JeanNegulesco
Negulesco,JeanNegulesco
Negulesco,JeanNegulesco
Negulesco,JeanNegulesco
Negulesco,JeanNegulesco
Negulesco,JeanNegulesco
Negulesco,JeanNegulesco
Negulesco,JeanNegulesco
Negulesco,JeanNegulesco
Negulesco,JeanNegulesco
Negulesco,JeanNegulesco
Negulesco,JeanNegulesco
Negulesco,JeanNegulesco
Negulesco,JeanNegulesco
Gary~Nelson,GaryNelson
Gary~Nelson,GaryNelson
Gn.Nelson,GeneNelson
Gn.Nelson,GeneNelson
Newfield,SamNewfield
Newfield,SamNewfield
Newfield,SamNewfield
Nicholson,ArchNicholson
J.Nicholson,JackNicholson
J.Nicholson,JackNicholson
J.Nicholson,JackNicholson
Nicholson,JackNicholson
T.Noonan,TomNoonan
M.Nosseck,MaxNosseck
Christian,ChristianNyby
Oxenberg,JanOxenberg
Ozerov,gnOzerov
Ozgenturk,AliOzgenturk
Albert~Parker,AlbertParker
Peckinpah,SamPeckinpah
Peckinpah,SamPeckinpah
Peckinpah,SamPeckinpah
Peckinpah,SamPeckinpah
Peckinpah,SamPeckinpah
Peckinpah,SamPeckinpah
Peckinpah,SamPeckinpah
Peckinpah,SamPeckinpah
Peckinpah,SamPeckinpah
Pennebaker,D.A.Pennebaker
PenningtonRichards,C.Pennington-Richards
Petrov,gnPetrov
Petrov,gnPetrov
Phillips,LeePhillips
Phillips,LeePhillips
Phillips,LeePhillips
H.Potter,H.C.Potter
H.Potter,H.C.Potter
H.Potter,H.C.Potter
H.Potter,H.C.Potter
H.Potter,H.C.Potter
H.Potter,H.C.Potter
Preminger,OttoPreminger
Preminger,OttoPreminger
Preminger,OttoPreminger
Preminger,OttoPreminger
Preminger,OttoPreminger
Preminger,OttoPreminger
Preminger,OttoPreminger
Preminger,OttoPreminger
Preminger,OttoPreminger
Preminger,OttoPreminger
Preminger,OttoPreminger
Preminger,OttoPreminger
Preminger,OttoPreminger
Preminger,OttoPreminger
Preminger,OttoPreminger
Preminger,OttoPreminger
Preminger,OttoPreminger
Preminger,OttoPreminger
Preminger,OttoPreminger
Preminger,OttoPreminger
Preminger,OttoPreminger
Preminger,OttoPreminger
Priyadarshan,xfnPriyadarshan
Rademakers,FonsRademakers
Rafelson,BobRafelson
Rafelson,BobRafelson
Rafelson,BobRafelson
Rafelson,BobRafelson
Rafelson,BobRafelson
Rafelson,BobRafelson
Rafelson,BobRafelson
Steven Rash,StevenRash
Reinert,AlReinert
B.Reynolds,BurtReynolds
B.Reynolds,BurtReynolds
B.Reynolds,BurtReynolds
B.Reynolds,BurtReynolds
G.Reynolds,GeneReynolds
P.Richardson,PeterRichardson
T.Richardson,TonyRichardson
T.Richardson,TonyRichardson
T.Richardson,TonyRichardson
T.Richardson,TonyRichardson
T.Richardson,TonyRichardson
T.Richardson,TonyRichardson
T.Richardson,TonyRichardson
T.Richardson,TonyRichardson
T.Richardson,TonyRichardson
T.Richardson,TonyRichardson
T.Richardson,TonyRichardson
T.Richardson,TonyRichardson
Richebe,gnRichebe
Riefenstahl,LeniRiefenstahl
Riefenstahl,LeniRiefenstahl
Riefenstahl,LeniRiefenstahl
RobertsonPearce,PamelaRobertson-Pearce
Robbins,TimRobbins
Robbins,TimRobbins
T.Robbins,TimRobbins
Rosenfeld,KevaRosenfeld
Rosenbloom,NinaRosenbloom
Rowland,RoyRowland
Rowland,RoyRowland
Rowland,RoyRowland
Rowland,RoyRowland
Rowland,RoyRowland
Richards,RichardRush
Richards,RichardRush
Richards,RichardRush
K.Russell,KenRussell
K.Russell,KenRussell
K.Russell,KenRussell
K.Russell,KenRussell
K.Russell,KenRussell
K.Russell,KenRussell
K.Russell,KenRussell
K.Russell,KenRussell
K.Russell,KenRussell
K.Russell,KenRussell
K.Russell,KenRussell
Ruzicka,JanRuzicka
SandersBrahms,HelmaSanders-Brahms
Sandgren,AkeSandgren
Sandrich,JaySandrich
Sandrich,JaySandrich
Sandrich,JaySandrich
Sandrich,JaySandrich
Sandrich,JaySandrich
Sandrich,JaySandrich
J.Sandrich,JaySandrich
Santell,AlSantell
Santell,AlSantell
Santell,AlSantell
Santell,AlSantell
Santell,AlSantell
Santell,AlSantell
Santell,AlSantell
Santell,AlSantell
Santell,AlSantell
Santell,AlSantell
Schaeffer,EricSchaeffer
Schiffer,PalSchiffer
Schlesinger,JohnSchlesinger
Schlesinger,JohnSchlesinger
Schlesinger,JohnSchlesinger
Schlesinger,JohnSchlesinger
Schlesinger,JohnSchlesinger
Schlesinger,JohnSchlesinger
Schlesinger,JohnSchlesinger
Schlesinger,JohnSchlesinger
Schlesinger,JohnSchlesinger
Schlesinger,JohnSchlesinger
Schlesinger,JohnSchlesinger
Schlesinger,JohnSchlesinger
Schulman,TomSchulman
Schumacher,JoelSchumacher
Schumacher,JoelSchumacher
Schumacher,JoelSchumacher
Schumacher,JoelSchumacher
Schumacher,JoelSchumacher
Schumacher,JoelSchumacher
Schumacher,JoelSchumacher
Schumacher,JoelSchumacher
Scotese,gnScotese
O.Scott,OzScott
Seltzer,xfnSeltzer
Sevcikova,JanaSevcikova
Sevcikova,JanaSevcikova
Shadyac,TomShadyac
Shadyac,TomShadyac
Shaknazarov,KarenShaknazarov
Sharman,JimSharman
K.Shapiro,KenShapiro
