Adamason,AlAdamson
James Algar,JamesAlgar
Irwin Allen,IrwinAllan
Robert Altaman,RobertAltman
Samuel Z. Arkoff,Samuel Z.Arkoff
Samuel Z. Ardkoff,Samuel Z.Arkoff
Averback,HyAverback
Axelrod,GxxAxelrod
Axelrod,GxxAxelrod
Robert S. Baker,Robert S.Baker
Michael Balcon,Sir MichaelBalcon
Michael Balcon,Sir MichaelBalcon
Michael Balcon,Sir MichaelBalcon
Michael Balcon,Sir MichaelBalcon
Peter Berling,PeterBerg
"Ritt, Walter Bernstein",WalterBernstein
Sam Bischoff,SamuelBischoff
Sam Bisschoff,SamuelBischoff
Edwark Black,EdwardBlack
Edward Black,EdwardBlack
Edward Black,EdwardBlack
Edward Black,EdwardBlack
Edward Black,EdwardBlack
Edward Black,EdwardBlack
Edward Black,EdwardBlack
Henry Blake,HenryBlanke
Henry Blanke,HenryBlanke
Henry Blake,HenryBlanke
Henry Blanke,HenryBlanke
Henry Blanke,HenryBlanke
Henry Blanke,HenryBlanke
Bogdanovich,PeterBogdanovich
Bogdanovich,PeterBogdanovich
J.Boulting,JohnBoulting
J.Boulting,JohnBoulting
R.Boulting,RoyBoulting
Sidney Box,SidneyBox
Sidney Box,SidneyBox
Don Boyd,DonBoyd
Don Boyd,DonBoyd
Charles Brackett,CharlesBrackett
Charles Brackett,CharlesBrackett
Charles Brackett,CharlesBrackett
Martin Bregman,MartinBergman
Martin Bregman,MartinBergman
James L.Brooks,James L. (Jim)Brooks
T.Browning,TodBrowning
T.Browning,TodBrowning
Jerry~Bruckheimer,JerryBruckheimer
Jerry Bruckheimer,JerryBruckheimer
Jerry~Bruckheimer,JerryBruckheimer
Mark Buntzman,MarkBuntzman
T.Burton,TimBurton
Joe Camp,JoeCamp
Michael Carreras,MichaelCarreras
JCassavetes,JohnCassavetes
JCassavetes,JohnCassavetes
JCassavetes,JohnCassavetes
William Castle,WilliamCastle
William Castle,WilliamCastle
Matt Cimber,MattCimber
Jack Clayton,JackClayton
Fred Coe,FredCoe
Harry Cohn,HarryCohn
Henry Cornelius,HenryCornelius
Billy Crystal,BillyCrystal
Jack Cummins,JackCummins
Jack Caummings,JackCummins
D.Curtis,DanCurtis
D.Curtis,DanCurtis
D.Curtis,DanCurtis
D.Curtis,DanCurtis
D.Curtis,DanCurtis
Robert Daley,RobertDaley
Robert Daley,RobertDaley
Robert Daly,RobertDaley
Robert Daley,RobertDaley
Robert Daley,RobertDaley
Robert Daly,RobertDalva
Robert Daley,RobertDay
Robert Daley,RobertDay
Robert Daly,RobertDay
Robert Daley,RobertDay
Robert Daley,RobertDay
Basil Dean,BasilDean
Basil Dean,BasilDean
Basil Dean,BasilDearden
Basil Dean,BasilDearden
DeLaurentiis,DinoDe Laurentiis
DeLaurentiis,DinoDe Laurentiis
DeLaurentiis,DinoDe Laurentiis
DeLaurentiis,DinoDe Laurentiis
DeLaurentiis,DinoDe Laurentiis
Dino deLaurentis,DinoDe Laurentiis
Rafaelli deLaurentiis,RaffaellaDe Laurentiis
Michael Finnel,MichaelDinner
Dominick Dunne,DominickDunne
Dominick Dunne,DominickDunne
Buck~Edwards,BuckEdwards
Robert Enders,RobertEnders
Robert Enders,RobertEnders
Julius~Epstein,Julius J.Epstein
Julius~Epstein,Julius J.Epstein
M.Ferrer,MelFerrer
M.Fleischer,MaxFleischer
M.Fleischer,MaxFleischer
Rodman Flender,RodmanFlender
", David Foster",DavidFoster
Melvin Frank,MelvinFrank
Frankenheimer,JohnFrankenheimer
Frankenheimer,JohnFrankenheimer
Sidney Franklin,SidneyFranklin
William Frye,WilliamFruet
David Gil,DavidGiler
Willlis Goldbeck,WillisGoldbeck
Edmund Grainger,J.EdmundGrainger
Edmund Granger,J.EdmundGrainger
Edmund Granger,J.EdmundGrainger
Brian Grant,BrianGrant
Hilton A. Green,Hilton S.Green
Robert Greenhut,RobertGreenhut
Robert Greenhut,RobertGreenhut
Tom Gries,TomGries
Alexander Paal,AlexanderHall
Harper,fnHarper
James B. Harris,James B.Harris
James B. Harris,James B.Harris
James B. Harris,James B.Harris
J.Harrison,JoanHarrison
J.Harrison,JoanHarrison
J.Harrison,JoanHarrison
Joan Harrison,JoanHarrison
J.Harrison,JohnHarrison
J.Harrison,JohnHarrison
J.Harrison,JohnHarrison
Joan Harrison,JohnHarrison
Howard Hawks,HowardHawks
Goldie Hawn,GoldieHawn
Mark Hellinger,MarkHellinger
Hellinger,MarkHellinger
Hellinger,MarkHellinger
Hellinger,MarkHellinger
David Hemmings,DavidHemmings
James Hill,JamesHill
James Hill,JamesHill
James Hill,JamesHill
Gregory Hoblit,GregoryHoblit
John Houseman,JohnHouseman
John Houseman,JohnHouseman
John Houseman,JohnHouseman
John Houseman,JohnHouseman
John Houseman,JohnHouseman
Howard,CyHoward
Lucien Hubbard,LucienHubbard
Lucien Hubbard,LucienHubbard
Lucien Hubbard,LucienHubbard
All.Hughes,AllenHughes
Gale Anne Hurd,Gale AnnHurd
Sam Katzman,SamKatzman
Sam Katzman,SamKatzman
Katzman,SamKatzman
Sam Katzman,SamKatzman
Sam Katzman,SamKatzman
Sam Katzman,SamKatzman
Sam Katzman,SamKatzman
Sam Katzman,SamKatzman
Sam Katzman,SamKatzman
Katzman,SamKatzman
Harry Keller,HarryKeller
Erle C. Kenton,Earle C.Kenton
Kerkhof,IanKerkhof
George King,GeorgeKing
Howard Koch,Howard W.Koch
Howard C. Koch,Howard W.Koch
Fred Kohlmar,FredKohlmar
Fred Kohlmar,FredKohlmar
Fred Kohlmar,FredKohlmar
Fred Kolmar,FredKohlmar
Fred Kohlmar,FredKohlmar
Fred Kohlmar,FredKohlmar
Fred Kohlmar,FredKohlmar
Alexander Korda,Sir AlexanderKorda
Carl Laemmle~jr.,CarlLaemmle
Jennings Lang,JenningsLang
Jessse L. Lasky,Jesse L.Lasky
Jesse L. Lasky,Jesse L.Lasky
Jesse L. Lasky,Jesse L.Lasky
Norman~Lear,NormanLear
Norman~Lear,NormanLear
Ernest Lehman,EarnestLehman
Robert Lord,Robert Z.Leonard
Robert Lord,Robert Z.Leonard
Robert Lord,Robert Z.Leonard
Robert Lord,Robert Z.Leonard
Robert Lord,Robert Z.Leonard
Robert Lord,Robert Z.Leonard
Robert Lord,Robert Z.Leonard
Robert Lord,Robert Z.Leonard
Robert Lord,Robert Z.Leonard
Robert Lord,Robert Z.Leonard
Robert Lord,Robert Z.Leonard
Sol Lesser,SolLesser
Barry Levinson,BarryLevinson
Albert Lewin,AlbertLewin
Albert Lewin,AlbertLewin
Albert Lewis,AlbertLewin
Albert Lewin,Albert E.Lewis
Albert Lewin,Albert E.Lewis
Albert Lewis,Albert E.Lewis
Jerry Lewis,JerryLewis
Roger Lewis,RobertLewis
VaL~Lewton,ValLewton
VaL~Lewton,ValLewton
Val~Lewton,ValLewton
Val Newton,ValLewton
Val Newton,ValLewton
Art Linson,ArtLinson
Art Linson,ArtLinson
Anatole Litvak,AnatoleLitvak
Frank Lloyd,FrankLloyd
Harold Lloyd,HaroldLloyd
Harold Lloyd,HaroldLloyd
Harold Lloyd,HaroldLloyd
Y.Robert,Robert
Y.Robert,Robert
Frank Marshall,FrankMarshall
Gey.Marshall,GerryMarshall
Herbert Mason,HerbertMason
Mayfield,LesMayfield
McCarey,LeoMcCarey
McCarey,LeoMcCarey
McCarey,LeoMcCarey
McCarey,LeoMcCarey
Leo McCarey,LeoMcCarey
Henry MacRae,HenryMcRae
Ismael Merchant,IsmaelMerchant
Ismael Merchant,IsmaelMerchant
Ismail Marchant,IsmaelMerchant
Ismail Merchant,IsmaelMerchant
Ismail Merchant,IsmaelMerchant
Ismail Merchant,IsmaelMerchant
Ismail Merchant,IsmaelMerchant
Ismail Merchant,IsmaelMerchant
Russ~Meyer,RussMeyer
Aaron Milchan,ArnonMilchan
Arnon Milchan,ArnonMilchan
Arnon Milchan,ArnonMilchan
Arnon Milchan,ArnonMilchan
Arnon Milchan,ArnonMilchan
John Milius,JohnMilius
Ron Miller,DonMiller
Ron Miller,DonMiller
Ron Miller,DonMiller
Ron Miller,DonMiller
Don~Miller,DonMiller
Ron Miller,DonMiller
Ron Miller,DonMiller
Ron Miller,DonMiller
Ron Miller,DonMiller
Ron Miller,DonMiller
Don~Miller,DonMiller
Paul Jones,PaulMones
Paul Jones,PaulMones
Paul Jones,PaulMones
Paul Jones,PaulMones
Paul Jones,PaulMones
Paul Jones,PaulMones
Paul Jones,PaulMones
Paul Jones,PaulMones
Jack Nicholson,JackNicholson
Leslie Norman,LeslieNorman
Leslie Norman,LeslieNorman
William Perlberg,WilliamPerlberg
William Perlberg,WilliamPerlberg
William Perlberg,WilliamPerlberg
William Perlberg,WilliamPerlberg
William Perlberg,WilliamPerlberg
William Perlberg,WilliamPerlberg
Erich Pommer,ErichPommer
Carlo Ponti,CarloPonti
Carlo Ponti,CarloPonti
Carlo Ponti,CarloPonti
Carlo Ponti,CarloPonti
Carlo Ponti,CarloPonti
Carlo Ponti,CarloPonti
Preminger,OttoPreminger
Preminger,OttoPreminger
Preminger,OttoPreminger
Preminger,OttoPreminger
Preminger,OttoPreminger
Preminger,OttoPreminger
Preminger,OttoPreminger
Emeric Pressburger,EmericPressburger
David ttnam,DavidPuttnam
David ttnam,DavidPuttnam
David ttnam,DavidPuttnam
David tnam,DavidPuttnam
Rademakers,FonsRademakers
Karel Reisz,KarelReisz
Michael Relph,MichaelRelph
Michael Relph,MichaelRelph
Michael Relph,MichaelRelph
Michael Relph,MichaelRelph
Michael Relph,MichaelRelph
T.Richardson,TonyRichardson
T.Richardson,TonyRichardson
T.Richardson,TonyRichardson
Gene Roddenberry,GeneRoddenberry
David Roe,DavidRoe
Robert L. Rosen,RobertRossen
K.Russell,KenRussell
K.Russell,KenRussell
K.Russell,KenRussell
Alan Schecter,AlanSchecter
Aubrey Schenk,AubreySchenck
Stu Segall,StuartSegall
Richard Shepard,RichardShepard
Charles Schneer,CharlesShyer
M.Siegel,MaxSiegel
S.C.Siegel,Sol C.Siegel
S.C.Siegel,Sol C.Siegel
S.C.Siegel,Sol C.Siegel
S.C.Siegel,Sol C.Siegel
S.C.Siegel,Sol C.Siegel
S.C.Siegel,Sol C.Siegel
S.C.Siegel,Sol C.Siegel
S.C.Siegel,Sol C.Siegel
S.C.Siegel,Sol C.Siegel
S.C.Siegel,Sol C.Siegel
S.C.Siegel,Sol C.Siegel
S.C.Siegel,Sol C.Siegel
S.C.Siegel,Sol C.Siegel
Joel Silver,JoelSilberg
Joel Silver,JoelSilberg
Joel Silver,JoelSilver
Joel Silver,JoelSilver
Ron Silverman,RonSilver
Robert Sisk,RobertSisk
Robert Sisk,RobertSisk
Robert Sisk,RobertSisk
Edward Small,EdwardSmall
Edward Small,EdwardSmall
Edward Small,EdwardSmall
Sol~Spiegel,Sol C.Spiegel
Sol~Spiegel,Sol C.Spiegel
Ray~Stark,RayStark
Ray~Stark,RayStark
Ray~Stark,RayStark
Ray~Stark,RayStark
Ray~Stark,RayStark
Ray Stark,RayStark
Stromberg,HuntStromberg
Stromberg,HuntStromberg
Stromberg,HuntStromberg
Stromberg,HuntStromberg
Stromberg,HuntStromberg
Stromberg,HuntStromberg
Stromberg,HuntStromberg
Hunt Stromberg,HuntStromberg
Stromberg,HuntStromberg
Hunt Stromberg,HuntStromberg
Hunt Sromberg,HuntStromberg
Hunt Stromberg,HuntStromberg
Sucksdorff,ArneSucksdorff
Irving Thalberg,IrvingThalberg
Steve Tisch,SteveTisch
Steve Tisch,SteveTisch
Harry Alan Towers,Harry AlanTowers
Harry Allan Towers,Harry AlanTowers
Harry Alan Towers,Harry AlanTowers
Harry Alan Towers,Harry AlanTowers
Harry Alan Towers,Harry AlanTowers
Harry Alan Towers,Harry AlanTowers
Harray Alan Towers,Harry AlanTowers
Michael Truman,MichaelTruman
Paul Wagner,PaulWagner
Hal B. Wallis,Hal B.Wallis
Hal Wallis,Hal B.Wallis
Hal B. Wallis,Hal B.Wallis
Hal B. Wallis,Hal B.Wallis
Bill~Walsh,BillWalsh
Bill~Walsh,BillWalsh
Bill~Walsh,BillWalsh
Bill~Walsh,BillWalsh
Bill~Walsh,BillWalsh
Bill~Walsh,BillWalsh
Bill~Walsh,BillWalsh
Bill~Walsh,BillWalsh
Andy Warhol,AndyWarhol
Andy Warhol,AndyWarhol
Andy Warhol,AndyWarhol
Andy Warhol,AndyWarhol
Paul Wagner,PaulWegener
Weintraub,SyWeintraub
Sy Weintraub,SyWeintraub
Bob Weiss,RobWeiss
Orson Welles,OrsonWelles
William Girard,WilliamWiard
W.Wilder,W.LeeWilder
Jan Williams,JohnWilliams
Michael Finnel,MichaelWinner
Darryl Zanuck,Daryl F.Zanuck
Regina Ziegler,RenateZiegler
Zimbalist,SamZimbalist
Zimbalist,SamZimbalist
Zimbalist,SamZimbalist
Zimbalist,SamZimbalist
Zimbalist,SamZimbalist
Zimbalist,SamZimbalist
Zimbalist,SamZimbalist
Zimbalist,SamZimbalist
Bill Anderson,Bibi Anderson
Bill Anderson,Bibi Anderson
John Beck,John BeckBeck
Richard Berg,Richard Beltran
Richard Berg,Richard Belzer
Henry Berman,Henry Bergman
Robert Buckner,Robert Bur
William Cagney,William CagneyCagney
Julie Corman,Julie Carmen
Julie Corman,Julie Carmen
William Castle,William Challee
William Castle,William Challee
John W. Considine~jr,John Considine
Considine,Tim Considine
Robert Dorfman,Robert Deman
Robert Dorfman,Robert Deman
Robert Dorfman,Robert Deman
Robert Dorfman,Robert Deman
William Dozier,William Doherty
Robert Evans,Robert EvansEvans
Richard Berg,Richard Eyer
Charles Fries,Charles Fields
David Korda,David Ford
Robert Fryer,Robert Frazer
Stephen Friedman,Steve Friedman
John Dark,John Garko
Robert Lord,Robert Gordon
Robert Lord,Robert Gordon
Robert Lord,Robert Gordon
Robert Lord,Robert Gordon
Robert Lord,Robert Gordon
Robert Lord,Robert Gordon
Robert Lord,Robert Gordon
Robert Lord,Robert Gordon
Robert Lord,Robert Gordon
Robert Lord,Robert Gordon
Robert Lord,Robert Gordon
Robert Buckner,Robert Gunner
Robert Daley,Robert Hale
Robert Daley,Robert Hale
Robert Daly,Robert Hale
Robert Daley,Robert Hale
Robert Daley,Robert Hale
Joan Harrison,Joann Harris
J.B. Harris,M.K. Harris
Richard Berg,Richard Herd
Richard Shepard,Richard Herd
Sandy Howard,Dan Howard
Sandy Howard,Dan Howard
Sandy Howard,Susan Howard
Sandy Howard,Susan Howard
Michael Balcon,Michael Jackson
Michael Balcon,Michael Jackson
Michael Balcon,Michael Jackson
Michael Balcon,Michael Jackson
George Jessel,George JesselJessel
Bo Johnson,Jo Johnston
Michael Kraike,Michael Kane
Michael Tannen,Michael Kane
Joseph Kane,Joseph Kroner
Joseph Kanter,Joseph Kroner
Spike~Lee,SpikeLee
Spike~Lee,SpikeLee
Spike~Lee,SpikeLee
Spike~Lee,SpikeLee
Spike~Lee,SpikeLee
Spike~Lee,SpikeLee
David Lewis,David Lewis
David Lewis,David Lewis
David Lewis,David Lewis
Jerry Lewis,Jenny Lewis
Jerry Lewis,Jerry LewisLewis
Jerry Lewis,Jerry Lee Lewis
John Stone,John Lone
Niki Marvin,Rikki Marin
Frank Marshall,Bryan Marshall
Michael Medwin,Michael MedwinMedwin
Michael Medwin,Michael Melling
Bernhardt,Bernard
Seton I. Miller,Seton I. MillerMiller
Martin Poll,Martin Mull
Martin Poll,Martin Mull
Mary Pickford,Mary PickfordSmith
Mary Pickford,Mary PickfordSmith
Richard Pryor,Richard PryorPryor
James Robinson,James Robertson
Robbie Robertson,Robbie Robertson
Jane Scott,Jane Scott
James Hay,James Seay
Robert Shaye,Robert ShayneDawe
Robert Shaye,Robert ShayneDawe
Robert Solo,Robert Show
Joel Silver,Joe Silver
Joel Silver,Joe Silver
Joseph Sistrom,Joseph Sirola
John Stone,John Steiner
Tom Sternberg,Tom Stern
Delores Taylor,Delores Taylor
Delores Taylor,George Taylor
Harlan Thompson,Hal Thompson
Harlan Thompson,Hal Thompson
Harlan Thompson,Hal Thompson
Marcel Bebert,Marcel Vibert
Marcel Bebert,Marcel Vibert
Marcel Bebert,Marcel Vibert
Marcel Bebert,Marcel Vibert
Jack Wiener,Jack Warner
Richard Whorf,Richard WhorfWhorf
Bernard Williams,Bernie Williams
Elmo Williams,Simon Williams
Carey Wilson,Candy Wilson
Carey Wilson,Candy Wilson
Carey Wilson,Margery Wilson
Carey Wilson,Margery Wilson
Cary Woods,Gary Wood
Michael White,Michael Wright
