Ref_name,codes,Did,years,last_n,first_n,dob,dod,bkgd,notes,
Kaczender,D,GKc,@1973-1983,Kaczender,Georges,,,Canada,,
Kadar,D,JaK,@1956-1977,Kadar,Jan,1918,1979,Czechoslovakia,Ww(Elmer Klos),
Kagan,D,JPK,@1982-1983,Kagan,Jeremy Paul,,,USA,,
Kaige,D,ChK,@1993,Kaige,Chen,,,China,,
Kalatozov,D,MKv,@1928-1969,Kalatozov,Mikhail,1903,1973,Russia,,
Kalin,D,ToK,@1992,Kalin,Tom,,,USA,,
Kaminsky,D,LnK,@1971,Kaminsky,Leon,,,,,
Kan,D,JGK,@1998,Kan,Je Gyu,1960,,South Korea,,
Kane,D,JKa,@1935-1957,Kane,Joe,1894,1975,USA,St(Republic) Ty(West),
Kanew,D,JKw,@1983-1986,Kanew,Jeff,[1],,,,
Kanganis,D,CTK,@1994,Kanganis,Charles T.,19xx,,,,
Kanievska,D,MKa,@1984,Kanievska,Marek,,,,,
Kanin,WD,GaK,@1938-1953,Kanin,Garson,1912,,USA,Mt(Ruth Gordon),
J.Kaplan,D,JKp,@1975-1994,Kaplan,Jonathan,,,USA,,
N.Kaplan,D,NKp,@1961-1991,Kaplan,Nelly,,,France,Ty(Docu) Ww(Abel Gance),
R.Kaplan,D,RKp,@1965,Kaplan,Richard,,,USA,Ty(Docu),
Kapoor,D,RjK,@1971,Kapoor,Raj,[1],1988,India,ER(197x),
Kapur,D,SKa,@1998,Kapur,Shehkar,,,,,
Karbelnikoff,D,MKb,@1991,Karbelnikoff,Michael,,,,,
Kardos,D,LeK,@1952,Kardos,Leslie,,,USA,,,,Karn,D,BiK,@1960,Karn,Bill,,,USA,,
Karnad,AWD,GiK,@1970,Karnad,Girish,,,India,,
Karsen,D,ErK,@1980-1989,Karsen,Eric,,,USA,,
Karlson,D,PhK,@1944-1975,Karlstein,Philip (Phil),1908,,USA,,
Karya,D,TeK,@1982,Karya,Teguh,,,Indonesia,,
J.Kasdan,D,JoK,@1998,Kasdan,Joe,,,USA,,
L.Kasdan,WDP,LaK,@1982-1989,Kasdan,Lawrence,,,USA,[6],
Kaska,PD,,,Kasha,Larry,,1990,USA,Si(Al Kasha; M),
Kassovitz,DA,MuK,@1994,Kassovitz,Mathiau,1969,,France,,
Kastle,DW,LKa,@1970,Kastle,Leonard,,,,,
Katani,D,TKa,@1981,Katani,Tom,,,,,
Katchatrian,WD,HaK,@1992,Katchatrian,Haroutiun,19xx,,Russia (Armenian),,
Katselas,D,MiK,@1972-1979,Katselas,Milton,1933,,USA,,
Katsouridis,D,DKa,@1971,Katsouridis,Dinos,19xx,,Greece,,
Katzenberg,PD,JKt,@1998,Katzenberg,Jerry,,,USA,"St(Disney, Dreamworks) Er(D)",
Katzman,P,,1967,Katzman,Sam,,,USA,,
Katzin,D,LHK,@1969-1979,Katzin,Lee H.,1935,,USA,,
Kaufer,D,JKf,@1998,Kaufer,Jonathan,,,,,
Boris~Kaufman,C,,1934,Kaufman,Boris,,,France,Si(Dziga Vertov),
G.S.Kaufman,WD,GSK,@1947,Kaufman,G.S.,,,USA,Ty(Comd),
J.Kaufman,D,JKm,@1918,Kaufman,Joseph,,,USA,,
Ph.Kaufman,D,PK,@1978-1993,Kaufman,Philip,,,USA,,
Kaul,WD,MnK,@1990,Kaul,Mani,19xx,,India,,
Kaurismaki,D,AKa,@1983-1993,"Kaurism\""aki",Aki,[1],,Finland,Er(dow),
Kautner,D,HeK,@1947-1955,"K\""autner",Helmut,1908,1980,Germany,Or(FRG),
Kavur,D,OKa,@1991,Kavur,Omer,,,Turkey,,
Kawajiri,D,YoK,@1979,Kawajiri,Yoshiaki,,,Japan,,
Kawalarowicz,D,JKz,@1990,Kawalarowicz,Jerzy,,,Poland,,
Kaye,CD,TyK,@1998,Kaye,Tony,,,Great Britain,,
Kaylor,D,RKa,@1980,Kaylor,Robert,,,USA,,
E.Kazan,ADPW,EK,@1945-1976,Kazanjoglous,Elia,1909,,USA,Or(Greece-Turkey descent) Aw(AA hon),
N.Kazan,WD,NKz,@1994,Kazan,Nicholas,,,,,
Keaton,AD,BsK,@1926,Keaton,Joseph Francis (Buster),1895,1966,USA,,
Keeler,D,SKe,@1997,Keeler,Stephen,19xx,199x,,,
Keighley,D,WmK,@1932-1953,Keighley,William,1889,,USA,St(Warners),
Keller,DP,HKl,@1949-1965,Keller,Harry,1913,,USA,,
Kelley,WD,IPK,@1997,Kelley,John Patrick,19xx,199x,,,
David~Kelly,P,,1993,Kelly,David E.,1956,,USA,,
Gene~Kelly,AD,GKe,@1949-1976,Kelly,Eugene Curran,1912,,USA,"Also(dancer, Geographer)",
Kennedy,D,BuK,@1967-1969,Kennedy,Burt,,,USA,,
Kenton,D,EaK,@1932-1942,Kenton,Earle C.,,,USA,Er(Erie),
Kerbosch,D,RlK,@1993,Kerbosch,Roweland,19xx,,Holland,,
Kerkhof,D,IKe,@1992,Kerkhof,Ian,,,,,
Kern,DW,JVK,@1939-1952,Kern,James V.,1909,1966,USA,,
Kershner,D,IrK,@1958-1990,Kershner,Irvin,1923,,USA,,
Keshishian,D,AKe,@1991-1994,Keshishian,Alek,1965,,USA,,
Khan,D,MKh,@1988,Khan,Mohammed,19xx,,\Eg ypt,,
Kibbee,WPD,RKi,@1975,Kibbee,Roland,1914,,,,
Kidron,D,BKi,@1992,Kidron,Beeban,,,,,
Kiersch,D,FKi,@1984,Kiersch,Fritz,[1],,,,
Kieslovski,D,KrK,@1982-1990,Kieslovski,Krzysztof,1941,1996,Poland,"Ty(Docu,Noir)",
Jeff.Kimball,C,,1987,Kimball,Jeffrey,,,USA,Nt(Stanford '80),
Kim,D,KDK,@1997,Kim,Kee-Duck,,199x,South Korea rean,,
Anthony Kimmins,ADPW,AKi,@1937-1962,Kimmins,Anthony,1901,1964,Great Britain,Ty(light comedy),
Kinegusa,D,TKg,@1954,Kinegusa,Tenosuke,19xx,,Japan,,
B.King,D,BtK,@1923,King,Burton,[1],,,,
G.King,PD,GeK,@1931-1954,King,George,1900,1966,Great Britain,,
H.King,D,HK,@1916-1961,King,Henry,1888,1982,USA,,
L.King,D,LoK,@1934-1954,King,Louis,1898,1962,USA,Si(H.King) Er(dow),
R.King,D,RkK,@1993,King,Rick,,,USA,,
St.King,BWD,SpK,@1986,King,Stephen,1948,,USA,Ty(Horror),
Z.King,WPD,ZlK,@1985,King,Zalman,,,USA,Ty(Soft Porn) Er(dow),
Kitchell,D,MkK,@1969,Kitchell,Mark,,,USA,Ty(Docu),
Kinoshita,D,RyK,@1966,Kinoshita,Ryo,,199x,Japan,,
Kitano,D,TKi,@1991,Kitano,Takeshi,,,Japan,,
Kitrosser,WD,MKi,@1991,Kitrosser,Martin,19xx,,,,
Kjellin,AD,AKj,@1961-1965,Kjellin,Alf,,,,"Ww(Hitchcock, TV)",
Klane,D,RKl,@1978,Klane,Robert,,,USA,,
Klapisch,WD,CKl,@1997,Klapisch,Cedric,,199x,France,,
Klaus,D,DKl,@1991,Klaus,Damien,,,,,
Klein,D,WKl,@1966-1985,Klein,William,,,,Ty(Docu),
Kleiner,M,,1927,Kleiner,Arthur,,,Austria,TY(scores for silent movies),
Kleiser,Dw,RaK,@1975-1992,Kleiser,Randal,,,,,
Klier,D,MKl,@1991,Klier,Michael,,,,,
Kloves,D,SKo,@1989,Kloves,Steve,,,,,
Knowles,D,BeK,@1948,Knowles,Bernard,,,USA,,
Koch,DP,HoK,@1954-1958,Koch,Howard W.,1903,1992+,USA,Mainly(W) Pa (Howard W. Koch~jr.),
Koepp,D,VKo,@1996,Koepp,Volker,,19yy,Germany,Ty(Docu),
Kohlmar,P,,1947-1967,Kohlmar,Fred,,,USA,,
Koike,D,MKo,@1985,Koike,Matsato,,,Japan,,
Kojima,D,YKo,@1990,Kojima,Yasufumi,,,Japan,,
Kollek,D,AKl,@1998,Kollek,Amos,,,,,
Koller,D,XaK,@1990,Koller,Xavier,,,Switzerland,,
Konchalovsky,D,AKo,@1985-1990,Konchalovsky,Andrei,,,,,
Kopple,D,BaK,@1976,Kopple,Barbara,,,USA,Gd(F) Ty(Docu),
A.Korda,PD,AK,,Korda,Sir Alexander,1893,1956,Hungary,Fd(London Films) Inf(Hitchcock),
V.Korda,V,,1932-1948,Korda,Vincent,1896,1979,Hungary,,
Z.Korda,PD,ZK,@1932-1951,Korda,Zoltan,1895,1961,Hungary,,
Korine,WDB,HyK,@1997,Korine,Harmony,1974,199x,,,
Korras,D,GKo,@1988,Korras,Giorgos,,,Greece,,
Kortner,AD,FNK,@1931-1961,Kohn,Fritz Nathan,1892,1970,Austria,,
Korty,D,IKo,@1965-1980,Korty,John,1941,,USA,,
Kosma,M,,@1938,Kosma,Joseph,19xx,,France,,
Koster,D,HKo,@1932-1966,Kosterlitz,Hermann,1905,1988,Germany,,
Kostner,AD,KKo,@1995,Kostner,Kevin,19xx,199x,USA,Er(=Costner),
Kotcheff,D,TKo,@1976-1983,Kotcheff,Ted,,,USA,,
Koundouros,D,NKo,@1954-1978,Koundouros,Nikos,19xx,,Greece,,
L.Kovacs,C,,1955-1994,Kovacs,Laszlo (Leslie),1933,,Hungary,,
Kovacs,D,ZKK,@1987,Kovacs,Zsolt Kezdi,,,Hungary,,
Kowalski,D,BKo,@1968,Kowalski,Bernard,,,USA,,
Krabbe,AD,JKr,@1998,Krabbe,Jeroen,,,Holland,,
Kraly,W,,1915-1927,"Kr\""aly",Hans,,,Germany,,
F.Kramer,DW,FKr,@1970,Parrolini,Gianfranco (Frank),,,Italy,,
St.Kramer,PD,SK,@1955-1983,Kramer,Stanley,,,USA,Aw(AA special; 1991),
Kranenborg,D,AKr,@1996,Kranenborg,Arno,,,Netherlands,,
Krantz,P,,1971,Krantz,Steve,,,USA,Mt(Judith Krantz: B),
Krasner,CD,,1955,Krasner,Milton,,,USA,Er(D?),
Kress,D,HKr,@1951,Kress,Harold F.,19xx,,,,
Krishnamma,D,SuK,@1995,Krishnamma,Suri,19xx,,,,
Krishtofovich,D,VyK,@1992-1998,Krishtofovich,Vyacheslav,,,Russia,,
Kubrick,WDP,StK,@1953-1999,Kubrick,Stanley,1928,1999,USA,Mt(Suzanne Christian) Aw(AA special),
Kuehn,D,AKu,@1984,Kuehn,Andrew,,,USA,,
Kuleshov,D,LvK,@1927,Kuleshov,Lev,,,Russia,,
Kulik,D,BzK,@1968-1980,Kulik,Buzz,,,,,
Kull,D,EdK,@1935-1938,Kull,Edward,,,USA,,
Kumar,D,IKu,@1998,Kumar,Indra,,,India,,
Kumel,DW,HKu,@1971,"K\""umel",Harry,,,Belgium,,
Kundera,W,,,Kundera,Milos,19bb,,Czechoslovakia,,
Kureishi,D,HfK,@1991,Kureishi,Hanif,,,,,
Kurys,D,DKu,@1953,KuryS,Diane,[1],,France,,
Kurosawa,DW,AkK,@1943-1991,Kurosawa,Akira,1910,1998,Japan,"Aw(Hon AA, 1989) Inb(Yamamoto, Ozu) Mt(Yoko Yaguchi)",
Kusturica,WD,EKu,@1989,Kusturica,Emir,[1],,Yugoslavia,Or(gipsy),
Kuzui,DP,FRK,@1992,Kuzui,Fran Rubel,,,,,
Kwan,D,SKw,@1980-1995,Kwan,Stanley,1957,,Hong Kong,,
Kwapis,D,KKw,@1996,Kwapis,Ken,,199x,,,
